CVE ID,Application,Vuln Type,Docker Image,Multi-Step?,Precondition Request,Unauthorized Request,Confidence,Traces Collected,Source,Source URL / Reference,URL Status,Notes
CVE-2023-43663,PrestaShop,BOLA,BACFuzz WUT,Single-step,None required,Direct object ID manipulation,High,Yes (BACFuzz),BACFuzz Paper (Dharmaadi et al. 2025),https://arxiv.org/abs/2507.15984,✅ Verified,BACFuzz PHP corpus
CVE-2023-46449,Unknown PHP app,BOLA,BACFuzz WUT,Single-step,None required,Direct object ID manipulation,High,Yes (BACFuzz),BACFuzz Paper (Dharmaadi et al. 2025),https://arxiv.org/abs/2507.15984,✅ Verified,BACFuzz PHP corpus
CVE-2024-3139,Unknown PHP app,BOLA,BACFuzz WUT,Single-step,None required,Direct object ID manipulation,High,Yes (BACFuzz),BACFuzz Paper (Dharmaadi et al. 2025),https://arxiv.org/abs/2507.15984,✅ Verified,BACFuzz PHP corpus
CVE-2024-40480,Unknown PHP app,BOLA,BACFuzz WUT,Single-step,None required,Direct object ID manipulation,High,Yes (BACFuzz),BACFuzz Paper (Dharmaadi et al. 2025),https://arxiv.org/abs/2507.15984,✅ Verified,BACFuzz PHP corpus
CVE-2024-55232,Unknown PHP app,BOLA,BACFuzz WUT,Single-step,None required,Direct object ID manipulation,High,Yes (BACFuzz),BACFuzz Paper (Dharmaadi et al. 2025),https://arxiv.org/abs/2507.15984,✅ Verified,BACFuzz PHP corpus
CVE-2024-7658,Unknown PHP app,BOLA,BACFuzz WUT,Single-step,None required,Direct object ID manipulation,High,Yes (BACFuzz),BACFuzz Paper (Dharmaadi et al. 2025),https://arxiv.org/abs/2507.15984,✅ Verified,BACFuzz PHP corpus
CVE-2024-9082,Unknown PHP app,BOLA,BACFuzz WUT,Single-step,None required,Direct object ID manipulation,High,Yes (BACFuzz),BACFuzz Paper (Dharmaadi et al. 2025),https://arxiv.org/abs/2507.15984,✅ Verified,BACFuzz PHP corpus
CVE-2025-0802,Unknown PHP app,BOLA,BACFuzz WUT,Single-step,None required,Direct object ID manipulation,High,Yes (BACFuzz),BACFuzz Paper (Dharmaadi et al. 2025),https://arxiv.org/abs/2507.15984,✅ Verified,BACFuzz PHP corpus
CVE-2025-0843,Unknown PHP app,BOLA,BACFuzz WUT,Single-step,None required,Direct object ID manipulation,High,Yes (BACFuzz),BACFuzz Paper (Dharmaadi et al. 2025),https://arxiv.org/abs/2507.15984,✅ Verified,BACFuzz PHP corpus
CVE-2025-3537,Unknown PHP app,BOLA,BACFuzz WUT,Single-step,None required,Direct object ID manipulation,High,Yes (BACFuzz),BACFuzz Paper (Dharmaadi et al. 2025),https://arxiv.org/abs/2507.15984,✅ Verified,BACFuzz PHP corpus
CVE-2023-32310,DataEase (BOPLA),BOPLA,dataease/dataease,Multi-step,GET /api/share/treeList — discovers victim panelIds,POST /api/share/removePanelShares/{victim_panelId},High,No (deployment failed),BolaZ Paper (Wu et al. 2025) Table 7,https://arxiv.org/html/2507.02309v1,✅ Verified,Docker image unavailable — deployment failed after extensive attempts
CVE-2023-36100,IceCMS,BFLA vertical priv,ttice/icecms-fullstack,Multi-step,GET /squareComment/getAllSquare/{page}/{limit} — harvests all userIds,POST /api/User/ChangeUser/{jwt} with body userId={victim},High,Yes (118 traces),BolaZ Paper (Wu et al. 2025) Table 7,https://arxiv.org/html/2507.02309v1,✅ Verified,Login via query params not JSON body
CVE-2024-1313,Grafana,BOLA,grafana/grafana:10.1.8,Multi-step,GET /api/snapshots — obtains snapshot key from another org,DELETE /api/snapshots/{victim_key} as user from different org,High,Yes (118 traces),Unit 42 / Grafana Security Advisory,https://unit42.paloaltonetworks.com/new-bola-vulnerability-grafana/,✅ Verified,Cross-org snapshot deletion; CVSS 6.5
CVE-2024-7041,Open WebUI,BOLA,ghcr.io/open-webui/open-webui:v0.3.10,Multi-step,GET /api/v1/users/search — enumerates user UUIDs,POST /api/v1/memories/{victim_uuid}/update — modifies another user memory,High,Yes (418 traces),GitHub Advisory Database,https://github.com/advisories/GHSA-xcvc-5hgv-phqg,✅ Verified,Affected <= v0.3.8
CVE-2026-25757,Spree Commerce,BOLA (guest order),spreecommerce/spree:latest,Single-step,None — order number in URL after checkout,GET /api/v1/orders/{order_number} without token,High,Yes (93 traces),GitHub Security Lab (GHSL-2026-029),https://securitylab.github.com/advisories/,✅ Verified,Clean unauthenticated IDOR
CVE-2026-25758,Spree Commerce,BOLA (address binding),spreecommerce/spree:latest,Multi-step,Place guest order to get order reference; observe sequential address IDs,PUT /api/v1/orders/{number} with bill_address_id={victim_address_id},High,Yes (93 traces shared),GitHub Security Lab (GHSL-2026-027),https://securitylab.github.com/advisories/,✅ Verified,Sequential address IDs; same Docker deploy as CVE-2026-25757
Zammad-IDOR,Zammad,BOLA (ticket group),ghcr.io/zammad/zammad:7.1.1,Multi-step,GET /api/v1/tickets — lists own tickets to discover valid IDs,GET /api/v1/ticket_related/{victim_ticket_id} — accesses other groups' tickets,High,Yes (101 traces),GitHub Security Lab advisory,https://securitylab.github.com/advisories/,✅ Verified,No CVE ID; confirmed by GitHub Security Lab
CVE-2026-45671,Open WebUI,BOLA (file deletion),ghcr.io/open-webui/open-webui:v0.8.3,Multi-step,GET /api/v1/knowledge/{kb_id}/files — reads file UUIDs from shared KB,DELETE /api/v1/files/{file_uuid} — deletes victim file,High,Yes (54 traces),GitHub Advisory Database,https://github.com/advisories/GHSA-26g9-27vm-x3q8,✅ Verified,Affected <= v0.8.12
CVE-2026-55255,Langflow,BOLA (flow execution),langflowai/langflow:1.9.0,Multi-step,GET /api/v1/flows/ — enumerates victim flow UUIDs (non-guessable),POST /api/v1/responses with model={victim_flow_id} — executes victim flow,High,Yes (70 traces),GitHub Advisory Database (GHSA-qrpv-q767-xqq2),https://github.com/advisories/GHSA-qrpv-q767-xqq2,✅ Verified,Fixed in v1.9.2; CVSS 10.0
CVE-2026-30843,Wekan,BOLA (custom fields),wekanteam/wekan:latest,Multi-step,GET /api/users/{id}/boards then export board to harvest customField IDs,PUT /api/boards/{victim_board_id}/custom-fields/{foreign_customFieldId} — modifies victim's custom fields,High,Yes (208 traces),CVE / GitHub Security Lab,https://cve.threatint.eu/CVE/CVE-2026-30843,✅ Verified,Affects v8.32-8.33; fixed in v8.34
CVE-2026-1892,Wekan,BOLA (REST API setBoardOrgs),wekanteam/wekan:latest,Multi-step,GET /api/boards to list board IDs; manipulate item.cardId/boardId,PUT /api/boards/{boardId} with foreign cardId/checklistId,High,Yes (208 traces shared),VulDB / GitHub,https://vuldb.com/?id.344265,✅ Verified,Affects <= v8.20; same Docker deploy as CVE-2026-30843
CVE-2026-1894,Wekan,BOLA (checklistItems REST),wekanteam/wekan:latest,Multi-step,GET /api/boards/{id}/cards to enumerate card/checklist IDs,Manipulate item.cardId/checklistId/card.boardId via REST API,High,Yes (208 traces shared),VulDB / GitHub,https://cve.imfht.com/detail/CVE-2026-1894,✅ Verified,Affects <= v8.20; same Docker deploy as CVE-2026-30843