Track,CVE / ID,Source Paper,Application,Vuln Type,Method,Vulnerable Endpoint,Parameter,Refined Classification,Classification Basis,Precondition (P-API / prior request),Unauthorized Request (C-API),Confidence,Notes / Source
B - External CVE (BolaZ),CVE-2023-32310 (BOPLA mode),BolaZ Table 7,DataEase (share panel),BOPLA,POST,/api/share/removePanelShares/{panelId},panelId,Multi-step,"Explicit P-API->C-API pair: attacker calls GET /api/share/treeList to view others' panelIds, then removes them",GET /api/share/treeList (exposes other users' panelId),POST /api/share/removePanelShares/{panelId},High,Authoritative from BolaZ Table 7. Legit P-API POST /api/share/shareOut isolates own panels; attack uses treeList to discover others'. Multi-step.
B - External CVE (BolaZ),CVE-2023-32310 (UASBF mode),BolaZ Table 7,DataEase (sys messages),UASBF,POST,/api/sys_msg/batchDelete,Body: msgId,Single-step,msgId is numeric and attacker guesses/enumerates it directly (UASBF = predictable id enumeration); no listing of others' msgIds needed,None required (msgId brute-forced/enumerated),POST /api/sys_msg/batchDelete (Body msgId=victim),High,"Authoritative from BolaZ Table 7. Paper: 'attacker constantly guesses msgId of other users' - this is enumeration, NOT a precondition request. Single-step under operational definition. Same CVE id as BOPLA row but different endpoint/mode."
B - External CVE (BolaZ),CVE-2023-36100,BolaZ Table 7,IceCMS (Content Mgmt System),BFLA (vertical priv),POST,/api/User/ChangeUser/{jwt},Body: userId,Multi-step,"Explicit P-API->C-API pair in paper: attacker first calls GET /squareComment/getAllSquare to harvest userIds, then tampers userId in ChangeUser",GET /squareComment/getAllSquare/{page}/{limit} (harvests all userIds),POST /api/User/ChangeUser/{jwt} (Body userId=victim),High,Authoritative from BolaZ Table 7. The legit P-API is GET /User/GetUserInfoByid/{user_self_id} (own id only); attack uses the listing API to get others' ids. Clean multi-step.
A - External CVE (BACFuzz),CVE-2023-46449,BACFuzz Table 1,Inventory Management System,BOLA,POST,../action/edit_update.php,user_id={user_id},Multi-step,Precondition request present in trace (listing yields user_id),GET user listing to obtain valid user_id,POST ../action/edit_update.php (user_id=victim),Medium,Listing request necessarily precedes edit to obtain valid victim user_id.
A - External CVE (BACFuzz),CVE-2024-3139,BACFuzz Table 1,Computer Lab Management System,BFLA,POST,/classes/Users.php,f=save&id={id},Single-step,No in-session precondition request required,None required,POST /classes/Users.php?f=save (id=target),High,Direct admin-only save call. Paper Fig 5 uses this as the SQL-oracle example (UPDATE users ... where id=...).
A - External CVE (BACFuzz),CVE-2024-40480,BACFuzz Table 1,Online Exam System,BFLA,GET,/admin/update.php,uemail={email},Provisional (single-step pending verification),Identifier is an email (non-enumerable); paper (C4) notes a random/nonexistent uemail will NOT trigger - the value must exist in the DB,None required IF victim email already known to attacker,GET /admin/update.php?uemail={victim_email},Medium,"Email identifier weakens single-step. Paper explicitly notes the value must be a real existing email, implying the attacker needs prior knowledge/discovery of it."
A - External CVE (BACFuzz),CVE-2024-55231,BACFuzz Table 1,Notes Sharing Management System,BOLA,POST,/user/edit-notes.php,editid={id},Provisional (multi-step pending verification),Edit another user's note by editid,Notes listing/browse to obtain victim note id,POST /user/edit-notes.php (editid=victim),Medium,NEW - was missing. Sister CVE to 55232 (edit vs delete) in same app.
A - External CVE (BACFuzz),CVE-2024-55232,BACFuzz Table 1,Notes Sharing Management System,BOLA,GET,/user/manage-notes.php,delid={id},Provisional (multi-step pending verification),Delete another user's note by delid,Notes listing/browse to obtain victim note id,GET /user/manage-notes.php?delid={victim},Medium,CORRECTED - original sheet had endpoint 'Unknown'. Real endpoint is GET /user/manage-notes.php delid={id} (a DELETE-notes op).
A - External CVE (BACFuzz),CVE-2024-7437,BACFuzz Table 1,Simple Machines Forum (SMF),BOLA,GET,/index.php,do=remove;aid={alert_id},Single-step,No in-session precondition request required; alert_id is the injection point,None required (alert_id manipulated directly),GET /index.php?do=remove;aid={victim_alert_id},Medium,NEW - was missing. Paper excludes smf_log table from oracle. Delete other users' alerts by changing aid.
A - External CVE (BACFuzz),CVE-2024-7438,BACFuzz Table 1,Simple Machines Forum (SMF),BOLA,GET,/index.php,do=read;aid={alert_id},Single-step,No in-session precondition request required; alert_id is the injection point,None required (alert_id manipulated directly),GET /index.php?do=read;aid={victim_alert_id},Medium,NEW - was missing. Read other users' alerts by changing aid. Sister CVE to 7437.
A - External CVE (BACFuzz),CVE-2024-7658,BACFuzz Table 1,Projectsend,BFLA,GET,/process.php,do=get_preview&file_id={id},Multi-step,Precondition request present in trace (file listing yields file_id),GET file listing to discover other users' file_id,GET /process.php?do=get_preview&file_id={victim},High,"CORRECTED param: file_id (original sheet had 'le_id', a transcription artifact). Clean two-step."
A - External CVE (BACFuzz),CVE-2024-8290,BACFuzz Table 1,WordPress + WooCommerce + WCFM,BOLA,POST,/wp-admin/admin-ajax.php,customer_id={admin_id},Provisional (single-step pending verification),Paper's headline example (Fig 1-2). Manager changes customer_id from 0 to a valid admin_id to overwrite admin data,None required IF valid admin_id known; admin_id is a low integer (often guessable),POST /wp-admin/admin-ajax.php (customer_id={admin_id}),Medium,NEW - was missing. Paper notes admin_id must be valid/existing (C3); but admin ids are low integers so guessable. Borderline.
A - External CVE (BACFuzz),CVE-2024-9082,BACFuzz Table 1,Online Eyewear Shop,BFLA,POST,/classes/Users.php,f=save&id={id},Single-step,No in-session precondition request required,None required,POST /classes/Users.php?f=save (id=target),High,Same code pattern as CVE-2024-3139 - direct admin endpoint access in one request.
A - External CVE (BACFuzz),CVE-2025-0802,BACFuzz Table 1,Best Employee Management System,BFLA,POST,/admin/Operation/User.php,del_id={user_id},Multi-step,Precondition request present in trace (confirmed from fuzzer script comment),GET /admin/View_user.php (user list) to enumerate del_id,POST /admin/Operation/User.php (del_id=victim),High,Strongest multi-step evidence: precondition confirmed from fuzzer-CVE_2025_0802.sh script. Endpoint named in repo README.
A - External CVE (BACFuzz),CVE-2025-0843,BACFuzz Table 1,Library Card System,BOLA,GET,/del.php,del={student_id},Provisional (multi-step pending verification),Delete by student_id; needs valid victim id which is typically enumerated from a listing page,Listing/dashboard page exposing student_ids,GET /del.php?del={victim_student_id},Medium,App is Library Card System (not 'small user mgmt app'). Param is del={student_id}. Verify whether id is visible in attacker's own session vs requires listing.
A - External CVE (BACFuzz),CVE-2025-3536,BACFuzz Table 1,Employee Management System,BOLA,GET,/admin/delete-user.php,id={user_id},Provisional (multi-step pending verification),Delete user by id; paper notes server replies with redirect and no clear success msg (C3),Employee/user listing to obtain valid user_id,GET /admin/delete-user.php?id={victim_user_id},Medium,NEW - was missing from original sheet. Paper uses this as the C3 oracle example.
A - External CVE (BACFuzz),CVE-2025-3537,BACFuzz Table 1,Employee Management System,BOLA,POST,/admin/update-user.php,user_id={user_id},Provisional (multi-step pending verification),Update another user's record by user_id,Employee/user listing to discover user_id,POST /admin/update-user.php (user_id=victim),Medium,CORRECTED - original sheet said 'WordPress-based system'. Paper says Employee Management System. Verify id exposure.